Frame,Golfer,Swingphase,Personfound,rankle_x,rankle_y,rankle_z,rknee_x,rknee_y,rknee_z,rhip_x,rhip_y,rhip_z,lhip_x,lhip_y,lhip_z,lknee_x,lknee_y,lknee_z,lankle_x,lankle_y,lankle_z,pelv_x,pelv_y,pelv_z,thrx_x,thrx_y,thrx_z,neck_x,neck_y,neck_z,head_x,head_y,head_z,rwrist_x,rwrist_y,rwrist_z,relbow_x,relbow_y,relbow_z,rshoulder_x,rshoulder_y,rshoulder_z,lshoulder_x,lshoulder_y,lshoulder_z,lelbow_x,lelbow_y,lelbow_z,lwrist_x,lwrist_y,lwrist_z,nose_x,nose_y,nose_z,reye_x,reye_y,reye_z,rear_x,rear_y,rear_z,leye_x,leye_y,leye_z,lear_x,lear_y,lear_z,rtoe_x,rtoe_y,rtoe_z,ltoe_x,ltoe_y,ltoe_z,rheel_x,rheel_y,rheel_z,lheel_x,lheel_y,lheel_z
0,-1,-1,1,0.3555,0.8567,0.0789,0.3789,0.6666,0.0536,0.4062,0.474,0.1087,0.5234,0.4713,0.1649,0.5116,0.664,0.1839,0.496,0.8308,0.2589,0.4648,0.4727,0.1087,0.4239,0.2317,0.1087,0.422,0.2343,0.1138,0.4805,0.1255,0.1138,0.3594,0.4583,0.0702,0.3163,0.3541,0.1146,0.3399,0.2266,0.0973,0.5078,0.2369,0.2072,0.5702,0.3515,0.2276,0.6993,0.3308,0.1533,0.4921,0.1354,0.0844,0.4687,0.1171,0.0954,0.4139,0.1198,0.1138,0.5119,0.1224,0.1138,0.5156,0.1329,0.0867,0.4023,0.9088,0,0.6055,0.8803,0.2059,0.332,0.8802,0.1087,0.461,0.8568,0.1087
1,-1,-1,1,0.5312,0.9089,0.1763,0.5429,0.7162,0.1443,0.547,0.513,0.0114,0.3673,0.513,0,0.3517,0.7161,0.1966,0.3321,0.9218,0.2602,0.4571,0.513,0.0114,0.4394,0.2513,0.0958,0.4375,0.25,0.1644,0.4706,0.1497,0.1986,0.4648,0.4895,0.276,0.5899,0.401,0.2524,0.5702,0.2525,0.1259,0.3085,0.25,0.0958,0.2657,0.3853,0.0463,0.3827,0.4661,0.0711,-0.0039,-0.0026,-0.2921,-0.0039,-0.0026,-0.2804,0.5194,0.1509,0.2215,-0.0039,-0.0026,-0.3543,0.4217,0.1484,0.1758,0.5976,0.9035,0.3405,0.2929,0.9297,0.4029,0.5078,0.9452,0.0114,0.3515,0.9531,0.0114
2,-1,-1,1,0.5351,0.9088,0.2849,0.5664,0.7057,0.2233,0.582,0.5157,0.045,0.4141,0.513,0,0.375,0.6953,0.2366,0.4259,0.9037,0.2572,0.4981,0.5143,0.045,0.5058,0.198,0.0672,0.5078,0.198,0.1636,0.4884,0.0899,0.2118,0.6368,0.4375,0.2847,0.7305,0.3386,0.299,0.6405,0.198,0.1602,0.371,0.1979,0.0672,0.2813,0.3437,0.0117,0.3242,0.4583,0.0513,-0.0039,-0.0026,-0.3392,-0.0039,-0.0026,-0.3494,0.5509,0.0912,0.2531,-0.0039,-0.0026,-0.451,0.4259,0.0886,0.1704,0.4454,0.927,0.4545,0.3163,0.9714,0.3562,0.547,0.9453,0.045,0.4843,0.9271,0.045
3,-1,-1,1,0.4609,0.8933,0.2022,0.4257,0.677,0.1602,0.4062,0.4714,0.1945,0.5587,0.4688,0.1875,0.6408,0.6745,0.1179,0.6914,0.9141,0.1016,0.4824,0.4701,0.1945,0.461,0.1993,0.1945,0.461,0.198,0.1945,0.4398,0.1016,0.1945,0.5157,0.3072,0.0416,0.3553,0.3412,0.1141,0.3438,0.2084,0.1863,0.5782,0.1902,0.1798,0.6173,0.3203,0.1288,0.4102,0.3126,0.0446,0.4414,0.1146,0.0904,0.4142,0.0989,0.1081,0.3827,0.1015,0.153,0.461,0.0963,0.1063,0.5001,0.0964,0.1482,0.375,0.9506,0.1038,0.8556,0.9662,0,0.4923,0.9246,0.1945,0.6485,0.9506,0.1945
4,-1,-1,1,0.5079,0.8881,0.0976,0.4844,0.6979,0.0555,0.4804,0.5027,0.1117,0.629,0.4922,0.1183,0.6289,0.6952,0.0963,0.5859,0.8776,0.1684,0.5547,0.4974,0.1117,0.5097,0.2448,0.1163,0.5116,0.2448,0.1163,0.4828,0.1203,0.1117,0.4178,0.487,0.0466,0.3945,0.3854,0.122,0.3827,0.2552,0.1163,0.6368,0.2344,0.1227,0.6876,0.3646,0.1478,0.7032,0.487,0.0711,0.4845,0.1224,0.0219,0.4533,0.1094,0.0394,0.4218,0.1354,0.0829,0.5117,0.1093,0.04,0.5431,0.125,0.0862,0.5079,0.9635,0,0.6718,0.9428,0.083,0.5312,0.9115,0.1117,0.5508,0.9063,0.1117
5,-1,-1,1,0.586,0.8334,0.1936,0.5547,0.6536,0.2581,0.7109,0.5026,0.2679,0.7735,0.4895,0.2329,0.5898,0.6562,0.186,0.6212,0.8829,0.0808,0.7422,0.4961,0.2679,0.4434,0.3269,0.379,0.4452,0.3281,0.4031,0.3489,0.2013,0.4159,0.5429,0.5938,0.1501,0.5158,0.4843,0.295,0.4336,0.3151,0.4007,0.4532,0.3386,0.3574,0.5155,0.4792,0.2707,0.5431,0.6016,0.2442,0.3124,0.1978,0.434,-0.0039,-0.0026,0.4154,-0.0039,-0.0026,0.4225,0.3398,0.1875,0.4066,0.3945,0.2187,0.401,0.4376,0.8802,0.1656,0.4532,0.9244,0,0.6132,0.8671,0.2679,0.664,0.9219,0.2679
6,-1,-1,1,0.4844,0.9089,0.1649,0.4648,0.586,0.408,0.4024,0.4166,0.6745,0.5703,0.4141,0.6657,0.4726,0.5989,0.6101,0.375,0.8568,0.5751,0.4863,0.4154,0.6745,0.4786,0.1849,0.7242,0.4804,0.1849,0.7009,0.4453,0.0922,0.6776,0.3242,0.4011,0.6446,0.2813,0.3022,0.7204,0.3476,0.1902,0.7242,0.6095,0.1797,0.6787,0.7265,0.2969,0.6581,0.6445,0.4062,0.6069,0.4375,0.1067,0.5913,0.4102,0.086,0.6187,0.3867,0.0963,0.6776,0.4688,0.0833,0.6084,0.5236,0.0886,0.6549,0.4921,0.9948,0,0.3163,0.9661,0.4091,0.496,0.9167,0.6745,0.375,0.8984,0.6745
7,-1,-1,1,0.6015,0.9011,0.2592,0.5624,0.7032,0.2943,0.5156,0.5026,0.2672,0.5507,0.5026,0.1713,0.5742,0.7057,0.1196,0.6055,0.9245,0.0221,0.5331,0.5026,0.2672,0.5058,0.2291,0.3579,0.5117,0.2266,0.3336,0.4545,0.1189,0.2924,-0.0039,-0.0026,0.278,-0.0039,-0.0026,0.3215,0.4922,0.2239,0.3579,0.5195,0.2343,0.1878,0.539,0.3828,0.1252,0.4532,0.5052,0.0897,0.4141,0.1225,0.3093,-0.0039,-0.0026,0.2997,-0.0039,-0.0026,0.3457,0.4376,0.1094,0.2681,0.5117,0.125,0.2619,0.4686,0.9271,0.2596,0.4569,0.9661,0,0.6445,0.9349,0.2672,0.6484,0.961,0.2672
8,-1,-1,1,0.379,0.8907,0.1052,0.4102,0.6744,0.105,0.4492,0.4688,0.1991,0.6055,0.4766,0.2124,0.5741,0.6875,0.2028,0.5195,0.8724,0.2729,0.5274,0.4727,0.1991,0.5293,0.2162,0.1991,0.5312,0.2162,0.1991,0.5484,0.1058,0.1991,0.3829,0.4427,0.1269,0.3555,0.3334,0.2001,0.4023,0.2109,0.1986,0.6563,0.2215,0.2167,0.6759,0.3515,0.2172,0.6681,0.4532,0.1518,0.5508,0.1172,0.1101,0.5273,0.0964,0.128,0.4883,0.1042,0.1692,0.5742,0.099,0.1304,0.6015,0.112,0.1756,0.3319,0.9479,0,0.5899,0.9244,0.1841,0.414,0.9115,0.1991,0.4844,0.8985,0.1991
9,-1,-1,1,0.4999,0.8776,0.1993,0.5194,0.6849,0.1521,0.5429,0.461,0.1646,0.6758,0.4661,0.1424,0.7032,0.6876,0.0929,0.7148,0.888,0.1128,0.6093,0.4636,0.1646,0.6582,0.2279,0.2164,0.6563,0.2266,0.2164,0.6113,0.1218,0.1646,0.5118,0.4296,0.0934,0.5236,0.3593,0.1813,0.5703,0.2369,0.2164,0.7461,0.2188,0.1449,0.7031,0.3307,0.0653,0.5428,0.2708,0,0.5819,0.1327,0.1148,0.5743,0.1146,0.1431,-0.0039,-0.0026,0.1862,0.6092,0.1146,0.1309,0.6796,0.125,0.1517,0.3944,0.9271,0.0961,0.7305,0.9427,0.0015,0.5351,0.901,0.1646,0.7032,0.9036,0.1646
10,-1,-1,1,0.4415,0.8776,0.0986,0.4101,0.6771,0.0781,0.4298,0.4739,0.1125,0.586,0.4817,0.103,0.5664,0.685,0.0825,0.539,0.8698,0.1093,0.5079,0.4778,0.1125,0.5391,0.2292,0.1284,0.5391,0.2291,0.1284,0.536,0.1224,0.1125,0.5702,0.3386,0.0011,0.3866,0.3567,0.076,0.4297,0.2291,0.1284,0.6485,0.2292,0.116,0.6171,0.3438,0.0638,0.4491,0.3202,0,0.5351,0.1303,0.0439,0.5118,0.1146,0.0662,0.4844,0.1275,0.1081,0.5548,0.1146,0.063,0.5936,0.125,0.1005,0.3243,0.9271,0.0167,0.5352,0.9401,0.0186,0.4766,0.9141,0.1125,0.5157,0.8984,0.1125
11,-1,-1,1,0.2617,1.013,0.0751,0.293,0.7526,0.0092,0.3164,0.5078,0.1243,0.5314,0.5078,0.1471,0.582,0.7578,0.0429,0.5898,1.0183,0.1224,0.4239,0.5078,0.1243,0.4218,0.1432,0.1502,0.4219,0.1432,0.1502,0.4383,0.0119,0.1243,0.1679,0.3125,0,0.1797,0.3386,0.1191,0.2617,0.138,0.1502,0.5819,0.1485,0.194,0.5977,0.3359,0.1723,0.7851,0.284,0.0334,0.4415,0.0052,0.057,0.4023,0.0051,0.0824,0.3515,0.0234,0.1393,0.4765,0.0051,0.0893,0.5196,0.0208,0.1581,-0.0039,-0.0026,0.0942,-0.0039,-0.0026,0.107,-0.0039,-0.0026,0.1243,-0.0039,-0.0026,0.1243
12,-1,-1,1,0.3595,0.8829,0.1303,0.3984,0.6744,0.117,0.4452,0.4297,0.1657,0.5978,0.4297,0.174,0.6132,0.6615,0.1308,0.6484,0.8829,0.1289,0.5215,0.4297,0.1657,0.5078,0.2044,0.2027,0.5077,0.2057,0.1967,0.5039,0.1125,0.1908,0.5353,0.2891,0.0815,0.3632,0.3151,0.1485,0.3828,0.2057,0.2027,0.6329,0.2032,0.216,0.6563,0.3073,0.1366,0.6173,0.1952,0.0576,0.5116,0.1199,0.1198,0.4843,0.1068,0.149,0.4454,0.1173,0.1908,0.5273,0.1042,0.15,0.5508,0.1146,0.1911,0.3398,0.9452,0,0.711,0.9297,0.0073,0.3789,0.9037,0.1657,0.625,0.9063,0.1657
13,-1,-1,1,0.3829,0.9089,0.11,0.3946,0.7005,0.0804,0.418,0.4401,0.1248,0.5744,0.4479,0.1127,0.5509,0.7057,0.101,0.5235,0.9218,0.1313,0.4962,0.444,0.1248,0.5117,0.2097,0.1567,0.5118,0.2084,0.1567,0.4891,0.0917,0.1248,0.332,0.513,0.1014,0.336,0.3698,0.1813,0.3828,0.211,0.1567,0.6407,0.2083,0.1309,0.672,0.3723,0.1461,0.6484,0.5105,0.0719,0.4883,0.1015,0.0498,0.4609,0.086,0.0795,0.4297,0.099,0.1245,0.5119,0.0808,0.0732,0.5546,0.0911,0.1108,0.3281,0.9688,0,0.5157,0.9714,0.0145,0.4181,0.9376,0.1248,0.5155,0.9428,0.1248
14,-1,-1,1,0.457,0.7656,0.2,0.4569,0.6198,0.1429,0.4843,0.4714,0.1707,0.5977,0.4818,0.1333,0.6173,0.6563,0.1108,0.5899,0.8099,0.1583,0.541,0.4766,0.1707,0.5878,0.2683,0.2,0.5859,0.2683,0.2,0.5265,0.1615,0.1707,0.3515,0.4192,0.1738,0.4571,0.3621,0.2217,0.5038,0.2657,0.2,0.6718,0.2709,0.1018,0.715,0.4167,0.0824,0.5977,0.4922,0,0.4962,0.1719,0.0836,0.4923,0.1563,0.1035,-0.0039,-0.0026,0.1465,0.5197,0.1563,0.088,0.5977,0.1616,0.1072,0.3437,0.7839,0.1445,0.5429,0.8699,0.0683,0.4884,0.7865,0.1707,0.6056,0.8202,0.1707
15,-1,-1,1,0.4922,0.849,0.3116,0.4102,0.6433,0.2556,0.3907,0.4584,0.2595,0.4843,0.4609,0.2321,0.4728,0.638,0.1418,0.5938,0.8646,0.1077,0.4375,0.4596,0.2595,0.4258,0.1966,0.2711,0.4258,0.1979,0.2711,0.4062,0.0782,0.2595,-0.0039,-0.0026,0.2241,0.2851,0.3489,0.2775,0.3282,0.211,0.2711,0.5234,0.1823,0.2464,0.6054,0.3203,0.2861,0.6875,0.4323,0.2159,0.4023,0.0911,0.1698,0.375,0.073,0.1932,0.3555,0.0834,0.2388,0.4257,0.0703,0.1892,0.4727,0.073,0.2287,0.379,0.8984,0.2354,0.5663,0.9739,0,0.5468,0.8828,0.2595,0.6679,0.8802,0.2595
16,-1,-1,1,0.4688,0.8124,0.1544,0.414,0.6745,0.082,0.4413,0.5026,0.1318,0.5704,0.5026,0.1029,0.5781,0.6798,0.0838,0.5663,0.8359,0.1619,0.5058,0.5026,0.1318,0.5312,0.2473,0.1322,0.5312,0.2449,0.1322,0.4883,0.1312,0.1318,0.3905,0.461,0.106,0.414,0.3671,0.1618,0.4218,0.2422,0.1322,0.6405,0.2525,0.0775,0.6913,0.3984,0.0845,0.5977,0.4974,0,0.4766,0.1406,0.0192,0.4533,0.125,0.0382,0.4374,0.1354,0.0847,0.5077,0.1224,0.0289,0.5665,0.1328,0.0618,0.3788,0.8567,0.1028,0.5587,0.8906,0.1061,0.5079,0.8256,0.1318,0.5548,0.8464,0.1318
17,-1,-1,1,0.4259,0.9192,0.0935,0.4062,0.7266,0.0544,0.3906,0.4869,0.0887,0.5507,0.4818,0.0939,0.5234,0.7291,0.0808,0.4921,0.9218,0.1282,0.4707,0.4844,0.0887,0.4726,0.2487,0.0949,0.4725,0.2474,0.0949,0.4688,0.1354,0.0887,0.3946,0.4557,-0.0126,0.332,0.3985,0.0807,0.3437,0.25,0.0949,0.6015,0.2474,0.1024,0.6172,0.4036,0.0786,0.5,0.4506,-0.0392,0.4726,0.1458,0.0014,0.4453,0.1302,0.0247,0.4063,0.1355,0.0681,0.4922,0.1302,0.025,0.5275,0.1355,0.0686,0.3829,0.9662,0,0.539,0.9688,0.0308,0.453,0.9453,0.0887,0.4649,0.9479,0.0887
18,-1,-1,1,0.4297,0.9192,0.1274,0.4217,0.7239,0.0606,0.4493,0.5131,0.101,0.6094,0.513,0.1172,0.5898,0.7161,0.0836,0.5899,0.9218,0.1533,0.5294,0.513,0.101,0.5078,0.2097,0.101,0.5078,0.2109,0.101,0.5125,0.0813,0.101,0.418,0.5026,0.0078,0.3438,0.3776,0.0839,0.3866,0.2109,0.0822,0.629,0.2084,0.1148,0.6641,0.3542,0.1413,0.6679,0.4766,0.0751,0.5156,0.0912,0,0.4882,0.0729,0.0157,0.4415,0.0859,0.0541,0.5428,0.0729,0.021,0.5743,0.0834,0.0702,0.4413,0.9766,0.0462,0.7305,0.9662,0.0802,0.4298,0.9453,0.101,0.5509,0.9557,0.101
19,-1,-1,1,0.5313,0.8203,0.118,0.5118,0.6615,0.0668,0.4923,0.4791,0.1105,0.6171,0.4792,0.1121,0.5899,0.6615,0.1,0.5782,0.8204,0.1609,0.5547,0.4792,0.1105,0.5645,0.2538,0.1105,0.5663,0.2526,0.1105,0.5679,0.1563,0.1105,0.3985,0.427,0.0459,0.3243,0.3437,0.1051,0.4454,0.2525,0.0918,0.6836,0.2551,0.0961,0.7929,0.3542,0.1114,0.7069,0.4375,0.0377,0.5702,0.164,0,0.543,0.1485,0.014,0.5117,0.1615,0.0539,0.5898,0.1485,0.0138,0.6249,0.1589,0.0526,0.4999,0.8645,0.0527,0.5937,0.8671,0.0922,0.5508,0.8463,0.1105,0.5664,0.8464,0.1105
20,-1,-1,0,0,0,0,0,0,0,0,0,0,0,0,0,0,0,0,0,0,0,0,0,0,0,0,0,0,0,0,0,0,0,0,0,0,0,0,0,0,0,0,0,0,0,0,0,0,0,0,0,0,0,0,0,0,0,0,0,0,0,0,0,0,0,0,0,0,0,0,0,0,0,0,0,0,0,0
21,-1,-1,1,0.6015,0.7968,0.2276,0.5625,0.677,0.1551,0.5351,0.513,0.149,0.6484,0.5157,0.137,0.6679,0.6797,0.0891,0.6641,0.8333,0.0906,0.5917,0.5143,0.149,0.6016,0.3229,0.149,0.6016,0.3229,0.149,0.5913,0.2401,0.149,0.6133,0.4114,0.0214,0.4921,0.4272,0.0919,0.5078,0.3255,0.1419,0.6954,0.3204,0.1307,0.6485,0.4193,0.0939,0.5274,0.401,0.0284,0.586,0.25,0.0622,0.5702,0.2369,0.0797,0.5468,0.2371,0.116,0.6092,0.2369,0.0772,0.6444,0.2395,0.1089,0.5585,0.8463,0.1718,0.7071,0.9036,0,0.6249,0.8073,0.149,0.6406,0.8516,0.149
22,-1,-1,1,0.4765,0.875,0.1724,0.4218,0.6978,0.1025,0.371,0.487,0.1283,0.5235,0.4817,0.1104,0.586,0.69,0.0628,0.6524,0.8907,0.1083,0.4473,0.4844,0.1283,0.4492,0.2187,0.1283,0.4491,0.2162,0.1283,0.4023,0.1151,0.1283,0.293,0.4479,0.0383,0.289,0.3567,0.114,0.3243,0.2292,0.1146,0.5741,0.2083,0.0839,0.6329,0.3463,0.0894,0.5587,0.4454,0,0.4023,0.1225,0.0039,0.3749,0.1119,0.0221,0.3477,0.1276,0.0685,0.4219,0.1041,0.0167,0.4649,0.1093,0.0559,0.4178,0.927,0.0958,0.6641,0.9349,0.0293,0.5156,0.9036,0.1283,0.6524,0.9401,0.1283
23,-1,-1,1,0.3399,0.914,0.1796,0.3595,0.7448,0.1475,0.3906,0.5469,0.2249,0.5197,0.5391,0.1838,0.5351,0.7422,0.142,0.5507,0.9193,0.1888,0.4552,0.543,0.2249,0.3575,0.3386,0.2517,0.3593,0.3386,0.2517,0.25,0.2911,0.2249,0.3087,0.6275,0.1641,0.3163,0.4999,0.2654,0.293,0.3855,0.2517,0.422,0.2916,0.1396,0.2968,0.1771,0.0047,0.1641,0.1067,0,0.2538,0.2969,0.1401,0.2227,0.2994,0.1576,0.2225,0.3204,0.1975,0.2539,0.276,0.1383,0.297,0.2629,0.1477,0.3242,0.9688,0.1184,0.5547,0.9714,0.1214,0.3555,0.9401,0.2249,0.539,0.9427,0.2249
24,-1,-1,1,0.4921,0.8438,0.2219,0.4922,0.6771,0.1313,0.4648,0.4948,0.1495,0.586,0.5,0.1183,0.6288,0.6902,0.0754,0.6718,0.8802,0.1167,0.5254,0.4974,0.1495,0.5449,0.237,0.1611,0.5468,0.237,0.1611,0.5087,0.1205,0.1495,0.3634,0.4818,0.1444,0.4219,0.3699,0.1784,0.453,0.237,0.1611,0.6367,0.237,0.0992,0.6913,0.3828,0.093,0.6679,0.5129,0,0.4766,0.1302,0.0471,0.4688,0.1121,0.0675,-0.0039,-0.0026,0.1156,0.5077,0.112,0.0581,0.582,0.1276,0.0855,0.3554,0.8881,0.1419,0.6055,0.948,0.0126,0.5312,0.8724,0.1495,0.7033,0.9063,0.1495
25,-1,-1,1,0.4843,0.8854,0.1673,0.5703,0.698,0.1458,0.5235,0.4818,0,0.3632,0.4818,0.0324,0.4024,0.7161,0.2016,0.4375,0.9531,0.2448,0.4434,0.4818,0,0.4375,0.1796,0.1179,0.4375,0.1771,0.1474,0.4473,0.0755,0.1769,0.6913,0.4922,0.1769,0.6288,0.3542,0.1557,0.5741,0.1822,0.0674,0.3008,0.177,0.1179,0.2969,0.3151,0.1374,-0.0039,-0.0026,0.1344,-0.0039,-0.0026,-0.2889,-0.0039,-0.0026,-0.2906,0.5118,0.0704,0.1934,-0.0039,-0.0026,-0.365,0.3828,0.0807,0.1769,0.5782,0.9896,0.2819,0.3749,0.9765,0.4188,0.4452,0.9011,0,0.457,0.9895,0
26,-1,-1,1,0.6133,0.901,0.1596,0.5782,0.711,0.0852,0.5507,0.5105,0.1437,0.7266,0.5078,0.1315,0.7655,0.7161,0.0994,0.7852,0.9141,0.1806,0.6387,0.5091,0.1437,0.6348,0.2174,0.1437,0.6367,0.2162,0.1437,0.5758,0.101,0.1437,0.457,0.4818,0.0843,0.4335,0.3541,0.1446,0.5039,0.2239,0.1206,0.7657,0.211,0.0987,0.8475,0.3593,0.117,0.8283,0.4869,0.0402,0.5781,0.1145,0,0.5468,0.1016,0.018,0.5235,0.1147,0.0685,0.5937,0.0886,0.0138,0.6368,0.0859,0.0595,0.5156,0.9478,0.0764,0.8516,0.9661,0.0983,0.6484,0.9297,0.1437,0.7578,0.948,0.1437
27,-1,-1,1,0.3125,0.9114,0.1294,0.3555,0.7188,0.0796,0.418,0.5,0.1157,0.5937,0.4974,0.1267,0.6289,0.7162,0.1134,0.6447,0.9088,0.1651,0.5058,0.4987,0.1157,0.4884,0.2317,0.1232,0.4883,0.2317,0.1232,0.5047,0.1135,0.1157,0.5664,0.3463,0,0.3554,0.3594,0.0656,0.3672,0.2292,0.1232,0.6095,0.2343,0.1499,0.6288,0.3568,0.0946,0.4297,0.3229,0.009,0.5077,0.1198,0.0492,0.4806,0.1016,0.0711,0.4452,0.1171,0.1113,0.5313,0.1067,0.0749,0.5585,0.1224,0.1183,0.2539,0.9792,0.0263,0.6835,0.9714,0.067,0.336,0.927,0.1157,0.6329,0.9271,0.1157
28,-1,-1,0,0,0,0,0,0,0,0,0,0,0,0,0,0,0,0,0,0,0,0,0,0,0,0,0,0,0,0,0,0,0,0,0,0,0,0,0,0,0,0,0,0,0,0,0,0,0,0,0,0,0,0,0,0,0,0,0,0,0,0,0,0,0,0,0,0,0,0,0,0,0,0,0,0,0,0
29,-1,-1,0,0,0,0,0,0,0,0,0,0,0,0,0,0,0,0,0,0,0,0,0,0,0,0,0,0,0,0,0,0,0,0,0,0,0,0,0,0,0,0,0,0,0,0,0,0,0,0,0,0,0,0,0,0,0,0,0,0,0,0,0,0,0,0,0,0,0,0,0,0,0,0,0,0,0,0
30,-1,-1,1,0.4257,0.8125,0.1025,0.4101,0.638,0.0544,0.3985,0.4506,0.0923,0.547,0.4531,0.0887,0.539,0.6381,0.0667,0.5078,0.8176,0.1085,0.4727,0.4518,0.0923,0.4746,0.2291,0.112,0.4764,0.2291,0.112,0.4703,0.0969,0.0923,0.3163,0.4739,0.069,0.2891,0.3542,0.1467,0.3437,0.2291,0.112,0.6054,0.2291,0.1068,0.6563,0.3619,0.1413,0.6289,0.4791,0.0582,0.4687,0.1016,0.0132,0.4453,0.0885,0.0344,0.414,0.1067,0.0801,0.4921,0.086,0.0326,0.5313,0.1016,0.0742,0.3985,0.8776,0.0066,0.4923,0.8828,0,0.4532,0.8333,0.0923,0.4882,0.8308,0.0923
31,-1,-1,1,0.4961,0.8802,0.1725,0.5156,0.6849,0.1564,0.5273,0.487,0.0204,0.3556,0.4974,0.032,0.3321,0.6926,0.2533,0.3048,0.8958,0.3117,0.4414,0.4922,0.0205,0.418,0.2317,0.1104,0.418,0.2292,0.168,0.4336,0.1185,0.1969,0.6092,0.4688,0.2344,0.6328,0.3801,0.2016,0.5508,0.2291,0.1125,0.2851,0.2344,0.1104,0.2617,0.3959,0,0.3048,0.487,0.0169,-0.0039,-0.0026,-0.3034,-0.0039,-0.0026,-0.3022,0.4921,0.1224,0.2145,-0.0039,-0.0026,-0.3736,0.375,0.1145,0.1792,0.5663,0.8775,0.3477,0.2618,0.8983,0.4764,0.4727,0.9115,0.0205,0.3203,0.9297,0.0205
32,-1,-1,1,0.5742,0.8073,0.294,0.5392,0.6303,0.2182,0.4922,0.4505,0.2043,0.6015,0.4505,0.1633,0.629,0.6406,0.0653,0.6758,0.8411,0.0754,0.5469,0.4505,0.2043,0.5567,0.1953,0.2343,0.5548,0.1953,0.2343,0.5108,0.0827,0.2043,-0.0039,-0.0026,0.1065,-0.0039,-0.0026,0.191,0.4884,0.1979,0.2343,0.625,0.1926,0.1551,0.789,0.2943,0.1387,0.664,0.401,0,0.4766,0.0885,0.135,0.4804,0.0729,0.1558,-0.0039,-0.0026,0.2004,0.5078,0.0755,0.1419,0.5782,0.0938,0.1599,0.4413,0.8438,0.2359,0.5822,0.9064,0.006,0.6094,0.8438,0.2043,0.7109,0.875,0.2043
33,-1,-1,1,0.4142,0.8802,0.0973,0.3944,0.7006,0.0133,0.375,0.5156,0.0889,0.4999,0.474,0.1407,0.7618,0.5259,0.0004,0.707,0.7188,0.0918,0.4375,0.4948,0.0889,0.3985,0.2213,0.0889,0.3984,0.2188,0.0889,0.4586,0.1036,0.0889,0.2774,0.4089,0,0.1095,0.2996,0.038,0.293,0.2109,0.0596,0.504,0.2317,0.1889,0.5274,0.362,0.2549,0.6367,0.44,0.1764,0.4687,0.1172,0.0392,0.4452,0.0937,0.0466,0.3789,0.0912,0.0658,0.496,0.1016,0.069,0.504,0.1145,0.0291,0.4844,0.948,0.0334,0.8554,0.7474,0.0796,0.3868,0.9036,0.0889,0.6641,0.7577,0.0889
34,-1,-1,1,0.4843,0.8984,0.1283,0.5038,0.6927,0.1032,0.457,0.487,0,0.2969,0.4974,0.003,0.3164,0.7031,0.1883,0.3398,0.8906,0.2986,0.3769,0.4922,0,0.3887,0.2214,0.0482,0.3905,0.2213,0.0932,0.3946,0.1159,0.1158,0.3711,0.4895,0.1805,0.4845,0.375,0.1622,0.5117,0.2239,0.055,0.2657,0.2188,0.0482,0.2148,0.3673,0.0211,0.3007,0.4791,0.0201,-0.0039,-0.0026,-0.3597,-0.0039,-0.0026,-0.3624,0.4494,0.1199,0.1327,-0.0039,-0.0026,-0.4405,0.3399,0.112,0.0988,0.5664,0.9063,0.2673,0.332,0.8984,0.4444,0.4569,0.9375,0,0.3438,0.9272,0
35,-1,-1,1,0.4765,0.9218,0.1061,0.4532,0.7109,0.0532,0.4298,0.4948,0.1219,0.6016,0.4896,0.1349,0.6211,0.7135,0.1086,0.6289,0.9218,0.1621,0.5157,0.4922,0.1219,0.4942,0.2213,0.1219,0.4961,0.2188,0.1219,0.5039,0.0994,0.1219,0.3556,0.4688,0.0352,0.3047,0.375,0.13,0.3555,0.2266,0.1184,0.6329,0.2161,0.1351,0.7071,0.3516,0.1069,0.5975,0.3125,0,0.5117,0.1119,0.025,0.4842,0.0936,0.0419,0.4296,0.0964,0.0882,0.5352,0.0937,0.0447,0.5586,0.1016,0.0939,0.4335,0.9713,0.0256,0.711,0.9687,0.0676,0.5038,0.9531,0.1219,0.6016,0.9532,0.1219
36,-1,-1,1,0.5547,0.8907,0.1592,0.5312,0.6849,0.1264,0.5078,0.4688,0.1444,0.6016,0.474,0.135,0.5859,0.6874,0.0895,0.5704,0.8933,0.0876,0.5547,0.4714,0.1444,0.5937,0.207,0.1547,0.5937,0.2058,0.1547,0.6047,0.1041,0.1444,0.5468,0.3307,0,0.4218,0.3203,0.0905,0.5117,0.1979,0.1547,0.6758,0.2161,0.1525,0.5704,0.3541,0.1183,0.4531,0.3203,0.0731,0.6016,0.1146,0.0806,0.5743,0.0937,0.1027,0.5391,0.0964,0.1416,0.6367,0.1015,0.101,0.6719,0.1145,0.1381,0.4686,0.9557,0.0965,0.4845,0.9766,0.0055,0.6055,0.9036,0.1444,0.6053,0.9062,0.1444
37,-1,-1,1,0.5,0.9297,0.1284,0.4453,0.7135,0.0651,0.4219,0.4662,0.1426,0.6093,0.4662,0.1475,0.586,0.7058,0.0903,0.5703,0.8907,0.193,0.5156,0.4662,0.1426,0.5078,0.1745,0.1907,0.5117,0.1744,0.1907,0.5226,0.0515,0.1426,0.1915,0.2318,0.0713,0.3164,0.3202,0.1678,0.3671,0.1744,0.1907,0.6485,0.1745,0.1944,0.7265,0.3125,0.1342,0.8126,0.2109,0,0.5157,0.0546,0.0911,0.4921,0.0338,0.1224,0.4493,0.0574,0.1777,0.5547,0.0416,0.1228,0.6015,0.0703,0.1758,-0.0039,-0.0026,0.1349,-0.0039,-0.0026,0.1605,-0.0039,-0.0026,0.1426,-0.0039,-0.0026,0.1426
38,-1,-1,1,0.3634,0.9037,0.1078,0.3828,0.7188,0.0341,0.418,0.5234,0.1021,0.5938,0.5182,0.0993,0.629,0.7214,0.0726,0.6523,0.9062,0.1569,0.5059,0.5208,0.1021,0.5078,0.2408,0.1021,0.5078,0.2395,0.1021,0.5008,0.1063,0.1021,0.3086,0.5235,0.0747,0.3321,0.388,0.1361,0.3711,0.2473,0.1016,0.6445,0.2344,0.0988,0.6915,0.3724,0.1299,0.711,0.5026,0.0653,0.5038,0.1119,0,0.4727,0.0964,0.0198,0.4375,0.1172,0.0657,0.5236,0.0938,0.0191,0.5663,0.1121,0.0642,0.2775,0.961,0.0168,0.7343,0.9635,0.0706,0.3944,0.9244,0.1021,0.6289,0.9245,0.1021
39,-1,-1,0,0,0,0,0,0,0,0,0,0,0,0,0,0,0,0,0,0,0,0,0,0,0,0,0,0,0,0,0,0,0,0,0,0,0,0,0,0,0,0,0,0,0,0,0,0,0,0,0,0,0,0,0,0,0,0,0,0,0,0,0,0,0,0,0,0,0,0,0,0,0,0,0,0,0,0
40,-1,-1,1,-0.0039,-0.0026,0.3466,0.2812,1.0833,0.1613,0.3788,0.8047,0.2604,0.6134,0.8151,0.2633,0.6054,1.0755,0,-0.0039,-0.0026,0.2137,0.4961,0.8099,0.2604,0.5156,0.3828,0.3024,0.5156,0.3829,0.3024,0.561,0.226,0.2604,0.3632,0.3958,0.0925,0.2382,0.5469,0.2109,0.3321,0.3671,0.3024,0.6991,0.3985,0.3409,0.7382,0.6016,0.4165,0.7618,0.7865,0.26,0.5664,0.2369,0.1869,0.5275,0.2109,0.2221,0.4727,0.2317,0.2907,0.6016,0.2161,0.2293,0.6366,0.2343,0.3097,-0.0039,-0.0026,0.3199,-0.0039,-0.0026,0.2808,-0.0039,-0.0026,0.2604,-0.0039,-0.0026,0.2604
41,-1,-1,1,0.3203,1.2006,0.2441,0.3163,0.9922,0.145,0.3047,0.737,0.1748,0.5352,0.7318,0.1935,0.5468,1.0078,0.0882,0.543,1.185,0.2468,0.42,0.7344,0.1748,0.3672,0.3229,0.1804,0.371,0.3229,0.1804,0.3719,0.1532,0.1748,0.6952,0.5051,0,0.3868,0.5234,0.0834,0.2109,0.3229,0.1804,0.5235,0.3229,0.2389,0.6173,0.5182,0.2395,0.4259,0.5833,0.075,0.3712,0.1719,0.0897,0.3359,0.1407,0.1147,0.2812,0.1485,0.17,0.414,0.1433,0.1259,0.457,0.1615,0.2022,-0.0039,-0.0026,0.239,-0.0039,-0.0026,0.2755,-0.0039,-0.0026,0.1748,-0.0039,-0.0026,0.1748
42,-1,-1,1,0.6056,0.9297,0.1734,0.5859,0.7631,0.2055,0.5977,0.5729,0.1744,0.5821,0.5807,0.0867,0.5782,0.7657,0.0731,0.6211,0.9557,0,0.5899,0.5768,0.1744,0.5996,0.3438,0.1744,0.6015,0.3437,0.2143,0.517,0.257,0.2169,-0.0039,-0.0026,0.2086,-0.0039,-0.0026,0.2308,0.5977,0.3385,0.2656,0.6016,0.349,0.1087,0.6093,0.487,0.0542,0.5509,0.5912,0.0466,0.4883,0.2631,0.2383,-0.0039,-0.0026,0.2342,-0.0039,-0.0026,0.2635,0.504,0.25,0.2048,0.5587,0.2579,0.1903,0.4766,0.9635,0.1964,0.496,0.9818,0.0239,0.6328,0.9609,0.1744,0.6484,0.987,0.1744
43,-1,-1,1,0.4648,0.823,0.1692,0.4492,0.6771,0.1036,0.4452,0.5026,0.1109,0.5742,0.5052,0.1106,0.5976,0.6745,0.0679,0.6249,0.8385,0.0921,0.5097,0.5039,0.1109,0.5,0.2956,0.1224,0.5,0.2969,0.1224,0.5054,0.1958,0.1109,0.3634,0.513,0.0669,0.3751,0.4166,0.1271,0.3985,0.2996,0.1224,0.6015,0.2917,0.1319,0.6407,0.4063,0.1581,0.6408,0.5078,0.0909,0.5156,0.198,0.053,0.4884,0.1875,0.0708,0.4491,0.2031,0.1066,0.5311,0.1876,0.0723,0.5429,0.2031,0.1085,0.3985,0.8724,0.0933,0.6327,0.8932,0,0.4883,0.8463,0.1109,0.6211,0.8541,0.1109
44,-1,-1,1,0.3711,0.9244,0.1174,0.3594,0.7135,0.0607,0.3477,0.5,0.1126,0.5158,0.4974,0.1159,0.5547,0.7083,0.0677,0.5586,0.9298,0.1177,0.4318,0.4987,0.1126,0.4063,0.2071,0.1126,0.41,0.2083,0.1126,0.3961,0.0834,0.1126,0.2694,0.4636,0.0119,0.2265,0.3541,0.0955,0.2695,0.2161,0.0989,0.5431,0.198,0.1073,0.6016,0.3411,0.1174,0.5704,0.4557,0.0363,0.3945,0.0938,0,0.371,0.0755,0.0171,0.332,0.086,0.0623,0.4219,0.0756,0.0178,0.461,0.086,0.0662,0.3477,0.9765,0.0286,0.6681,0.9869,0.0305,0.3906,0.9609,0.1126,0.5273,0.9662,0.1126
45,-1,-1,1,0.4805,0.8724,0.2129,0.4649,0.6875,0.1366,0.4531,0.4921,0.1641,0.6134,0.4895,0.1578,0.6524,0.6901,0.12,0.6681,0.8828,0.1765,0.5333,0.4908,0.1641,0.541,0.2227,0.1641,0.5392,0.2214,0.1641,0.5205,0.1094,0.1641,0.4533,0.4714,0.0625,0.3868,0.3645,0.1329,0.4218,0.2266,0.1546,0.6601,0.2188,0.1368,0.6835,0.362,0.116,0.5898,0.4688,0,0.4961,0.1172,0.0442,0.4842,0.1042,0.0628,-0.0039,-0.0026,0.1114,0.5196,0.1016,0.0603,0.582,0.1146,0.0993,0.3712,0.9245,0.1108,0.6641,0.9376,0.0696,0.5155,0.9036,0.1641,0.6679,0.9036,0.1641
46,-1,-1,1,0.5624,0.8386,0.3102,0.5117,0.6771,0.2309,0.4803,0.4844,0.2208,0.5703,0.4921,0.1534,0.5938,0.6745,0.0933,0.6328,0.8749,0.0981,0.5253,0.4883,0.2208,0.5781,0.2487,0.2362,0.5742,0.2499,0.2362,0.4697,0.1751,0.2208,0.4648,0.4583,0.1891,0.4961,0.375,0.2389,0.5039,0.25,0.2362,0.6523,0.2474,0.099,0.6796,0.3906,0.0755,0.5976,0.4947,0,0.4532,0.1927,0.0976,0.4454,0.1796,0.1213,-0.0039,-0.0026,0.1671,0.4609,0.1745,0.0984,0.5195,0.1537,0.1161,0.4297,0.8802,0.2529,0.5389,0.9297,0.0132,0.6015,0.8647,0.2208,0.6639,0.9009,0.2208
47,-1,-1,1,-0.0039,-0.0026,0.4663,0.465,0.6927,0.2834,0.4218,0.4609,0.2936,0.578,0.4558,0.2888,0.5351,0.6901,0.2047,0.453,0.9271,0.1719,0.4999,0.4583,0.2936,0.5001,0.2057,0.3416,0.5,0.2083,0.3416,0.5055,0.1,0.2936,0.3906,0.375,0.2149,0.2891,0.3204,0.3126,0.3751,0.2058,0.3416,0.6251,0.2057,0.3488,0.7188,0.3307,0.3503,0.582,0.3932,0.2312,0.5078,0.0964,0.2602,0.4805,0.0912,0.2946,0.4493,0.1198,0.3369,0.5274,0.0833,0.2949,0.5625,0.1094,0.3388,-0.0039,-0.0026,0.5193,0.4571,0.9687,0,-0.0039,-0.0026,0.2936,0.4491,0.9688,0.2936
48,-1,-1,1,0.4805,0.7135,0.0601,0.4765,0.6094,0.061,0.4611,0.5,0.0934,0.5351,0.5,0.0963,0.5311,0.612,0.0809,0.5274,0.7135,0.0876,0.4981,0.5,0.0934,0.4922,0.4036,0.0988,0.4923,0.4036,0.0988,0.5148,0.3489,0.0934,0.422,0.5338,0.0782,0.4178,0.4713,0.1144,0.4259,0.4036,0.0988,0.5586,0.4036,0.1095,0.5741,0.4661,0.1203,0.5781,0.5235,0.0778,0.5156,0.3567,0.0547,0.5039,0.3438,0.0663,0.4843,0.3463,0.0863,0.5273,0.3463,0.0671,0.5429,0.3515,0.0858,0.4804,0.7421,0,0.5392,0.7371,0.0267,0.4843,0.7292,0.0934,0.5196,0.7292,0.0934
49,-1,-1,1,0.3946,0.7709,0.0857,0.4453,0.6094,0.0675,0.4493,0.44,0.1076,0.5468,0.4427,0.1636,0.5352,0.5963,0.1713,0.539,0.7266,0.2652,0.4981,0.4414,0.1076,0.4902,0.2344,0.1076,0.4882,0.2344,0.1076,0.5234,0.1543,0.1076,0.4062,0.1458,0,0.2969,0.1823,0.0108,0.414,0.237,0.0933,0.5664,0.2317,0.1973,0.6407,0.1771,0.2427,0.5625,0.1535,0.2159,0.5508,0.1615,0.0875,0.5273,0.1511,0.0949,0.4609,0.1537,0.1088,0.5547,0.1511,0.1113,-0.0039,-0.0026,0.0863,0.461,0.8228,0.0147,0.6329,0.763,0.2328,0.3711,0.7942,0.1076,0.5116,0.7474,0.1076
50,-1,-1,1,0.4374,0.8828,0.1356,0.3946,0.6667,0.111,0.3946,0.4843,0.196,0.5508,0.4584,0.1614,0.6289,0.6614,0.0932,0.7069,0.8647,0.1317,0.4727,0.4714,0.196,0.3437,0.2187,0.2153,0.3437,0.2187,0.2153,0.2477,0.1193,0.196,0.2539,0.401,0.1191,0.3242,0.3853,0.2047,0.2383,0.2578,0.2153,0.4492,0.1796,0.1376,0.5861,0.2865,0.102,0.5508,0.3646,0,0.2422,0.1329,0.0837,0.2187,0.1147,0.1048,0.1954,0.125,0.1585,0.2656,0.112,0.0918,0.3164,0.1121,0.1277,0.3359,0.9401,0.0495,0.7188,0.9506,0.0277,0.4804,0.9062,0.196,0.7148,0.8724,0.196
51,-1,-1,1,0.547,0.8255,0.0448,0.5508,0.6588,0.0988,0.5625,0.5026,0,0.4219,0.5052,0.0637,0.4062,0.6511,0.1665,0.3829,0.8124,0.096,0.4922,0.5039,0,0.4824,0.2734,0.2671,0.4843,0.2735,0.2876,0.5638,0.1649,0.2885,0.7813,0.1172,0.0301,0.7384,0.2109,0.0045,0.5977,0.2708,0.1235,0.3672,0.2761,0.2671,0.3437,0.4036,0.2456,0.3437,0.4923,0.2106,0.578,0.1588,0.3081,0.5664,0.1563,0.283,0.5469,0.1797,0.2787,-0.0039,-0.0026,0.269,-0.0039,-0.0026,0.2386,0.6212,0.823,0.0991,0.3516,0.8151,0.1519,0.5274,0.8594,0,0.3867,0.8437,0
52,-1,-1,1,0.3437,0.8802,0.0791,0.3515,0.7005,0.0518,0.3321,0.5365,0.109,0.4766,0.5078,0.1452,0.5781,0.6484,0.0938,0.5235,0.8255,0.139,0.4044,0.5222,0.109,0.3261,0.2813,0.109,0.3243,0.2812,0.109,0.3609,0.1781,0.109,0.375,0.5156,0,0.2461,0.4219,0.062,0.2304,0.2813,0.0885,0.4218,0.2812,0.1626,0.4454,0.4062,0.1746,0.4337,0.5053,0.0952,0.3632,0.1875,0.0514,0.3398,0.1693,0.0586,0.2968,0.1746,0.0832,0.3868,0.1745,0.0708,0.4178,0.1849,0.1165,0.3593,0.9323,0.0137,0.6601,0.8515,0.096,0.332,0.8958,0.109,0.4726,0.8567,0.109
53,-1,-1,1,0.6015,0.9011,0.2633,0.5586,0.7031,0.2945,0.5118,0.5026,0.269,0.5509,0.5025,0.1732,0.5742,0.7057,0.1188,0.6054,0.9245,0.0255,0.5313,0.5026,0.269,0.5039,0.2279,0.3561,0.5078,0.2266,0.3292,0.4545,0.1189,0.2976,-0.0039,-0.0026,0.2738,-0.0039,-0.0026,0.3201,0.4882,0.224,0.3561,0.5195,0.2318,0.1861,0.539,0.3828,0.1238,0.4532,0.5051,0.0859,0.4141,0.1225,0.3023,-0.0039,-0.0026,0.2928,-0.0039,-0.0026,0.3411,0.4376,0.1094,0.2614,0.5117,0.125,0.2572,0.4686,0.9271,0.2603,0.4569,0.9661,0,0.6445,0.9349,0.269,0.6484,0.961,0.269
54,-1,-1,1,0.4101,0.9192,0.1219,0.4337,0.7161,0.0999,0.4493,0.4791,0.106,0.5196,0.4713,0.2115,0.5546,0.677,0.2465,0.5116,0.8801,0.2972,0.4845,0.4752,0.106,0.4472,0.1966,0.106,0.4453,0.1954,0.112,0.5508,0.0957,0.112,0.6093,0.3464,0.0093,0.4063,0.3698,0,0.414,0.2031,0.0482,0.4804,0.1901,0.2576,0.4766,0.3308,0.1475,-0.0039,-0.0026,0.0811,0.5783,0.1145,0.1215,0.5626,0.0912,0.1165,0.4765,0.0833,0.102,0.5859,0.0938,0.1524,-0.0039,-0.0026,0.112,0.5117,0.9844,0.0694,0.625,0.8777,0.2794,0.3633,0.9453,0.106,0.4766,0.9244,0.106
55,-1,-1,1,0.504,0.7969,0.2959,0.4766,0.6667,0.2127,0.4219,0.5105,0.213,0.5391,0.5183,0.1712,0.5431,0.6901,0.149,0.5664,0.8515,0.1969,0.4805,0.5144,0.213,0.5196,0.25,0.2134,0.5195,0.2499,0.2134,0.457,0.1478,0.213,0.496,0.3645,0.0579,0.3595,0.3619,0.148,0.4259,0.2422,0.2134,0.6134,0.2577,0.1241,0.5156,0.3855,0.0386,0.4453,0.2735,0,0.4258,0.1615,0.0845,0.4178,0.1484,0.1124,-0.0039,-0.0026,0.1583,0.4492,0.1407,0.0962,0.5351,0.1406,0.1234,0.3905,0.8203,0.2525,0.543,0.9298,0.1208,0.5352,0.8204,0.213,0.5781,0.8594,0.213
56,-1,-1,1,0.461,0.9114,0.1214,0.4218,0.7032,0.0571,0.418,0.4922,0.119,0.5702,0.4922,0.1338,0.6054,0.7005,0.0839,0.3514,0.849,0.1598,0.4941,0.4922,0.119,0.4707,0.2162,0.119,0.4726,0.2161,0.119,0.4563,0.1026,0.119,0.3437,0.4765,0.0196,0.2852,0.3619,0.1145,0.3398,0.2188,0.0998,0.6016,0.2136,0.1229,0.6366,0.3567,0.1381,0.6134,0.4687,0.0511,0.4571,0.1145,0,0.4259,0.0989,0.0165,0.3946,0.1094,0.062,0.4806,0.0937,0.0195,0.5235,0.0963,0.0736,0.5116,0.9739,0.0446,0.3047,0.9636,0.1042,0.4452,0.9401,0.119,0.2968,0.8228,0.119
57,-1,-1,1,0.5742,0.9245,0.332,0.5704,0.7448,0.2686,0.5273,0.5,0.2529,0.6093,0.5052,0.1382,0.5469,0.7474,0.0764,0.5586,0.9922,0.0671,0.5683,0.5026,0.2529,0.578,0.1342,0.3636,0.5781,0.1327,0.3636,0.3737,0.0824,0.2612,-0.0039,-0.0026,0.2976,-0.0039,-0.0026,0.3381,0.5273,0.1302,0.3636,0.6288,0.1381,0.13,0.5508,0.2865,0,0.4258,0.1407,0.058,0.3438,0.112,0.2453,-0.0039,-0.0026,0.2612,-0.0039,-0.0026,0.3309,0.3476,0.0884,0.2184,0.4297,0.0468,0.2189,0.3907,0.9608,0.3457,0.496,1.0547,0.1476,0.6133,0.9584,0.2529,0.6015,1.0235,0.2529
58,-1,-1,1,0.5741,0.9115,0.059,0.5741,0.7057,0.0786,0.5664,0.4818,0.0095,0.3946,0.487,0,0.4023,0.7109,0.1304,0.3945,0.9114,0.1343,0.4805,0.4844,0.0095,0.4649,0.2149,0.0801,0.4687,0.2161,0.1467,0.4882,0.1146,0.18,0.6249,0.1302,0.2142,0.7306,0.2161,0.2028,0.586,0.2084,0.117,0.3438,0.2213,0.0801,0.2656,0.3672,0.0385,0.3243,0.4688,0.0325,-0.0039,-0.0026,-0.1601,-0.0039,-0.0026,-0.1802,0.5468,0.1147,0.2053,-0.0039,-0.0026,-0.2517,0.4296,0.1146,0.1548,0.6173,0.9114,0.166,0.3593,0.9114,0.2491,0.5624,0.948,0.0095,0.41,0.9479,0.0095
59,-1,-1,1,0.414,0.8958,0.1456,0.4101,0.7213,0.066,0.4179,0.5053,0.1077,0.586,0.5079,0.1062,0.5976,0.724,0.0808,0.5976,0.9062,0.1624,0.502,0.5066,0.1077,0.5136,0.2188,0.1077,0.5118,0.2188,0.1077,0.518,0.0917,0.1077,0.336,0.4896,0.0565,0.3554,0.3619,0.1155,0.3866,0.2162,0.0966,0.6406,0.2214,0.0998,0.6678,0.362,0.1268,0.6796,0.4948,0.0618,0.5157,0.099,0,0.4921,0.0859,0.0179,0.457,0.0963,0.0621,0.5431,0.0834,0.0184,0.582,0.0938,0.0632,0.3478,0.9479,0.067,0.6484,0.9662,0.0825,0.4453,0.9088,0.1077,0.5702,0.9193,0.1077
60,-1,-1,1,0.5038,0.8854,0.2014,0.4218,0.6849,0.1416,0.4374,0.4818,0.1561,0.5703,0.4896,0.1255,0.5977,0.6953,0.0586,0.6094,0.9062,0.085,0.5039,0.4857,0.1561,0.5333,0.2227,0.1605,0.5352,0.2239,0.1605,0.5031,0.1172,0.1561,0.4101,0.3047,0.0498,0.3984,0.362,0.1306,0.4298,0.2188,0.1605,0.6367,0.2266,0.1215,0.6719,0.3828,0.1405,0.6094,0.5026,0.0385,0.4999,0.1328,0.0506,0.4728,0.1145,0.0728,0.4453,0.1172,0.1232,0.5235,0.112,0.0647,0.5742,0.1094,0.1052,0.3827,0.9505,0.1311,0.5118,0.9661,0,0.5509,0.9114,0.1561,0.6447,0.9297,0.1561
61,-1,-1,1,0.4962,0.987,0.2583,0.5272,0.7526,0.1721,0.5468,0.4948,0.2363,0.7462,0.5078,0.2107,0.75,0.7447,0.151,0.7617,0.9844,0.2304,0.6465,0.5013,0.2363,0.7227,0.1836,0.2404,0.7189,0.1797,0.2404,0.7102,0.0401,0.2363,0.2031,0.2943,0.1444,0.4141,0.2917,0.2398,0.5508,0.1719,0.2404,0.8945,0.1952,0.1823,0.9219,0.3438,0.1268,0.7383,0.375,0,0.703,0.052,0.0894,0.672,0.0312,0.1129,0.6445,0.0417,0.1774,0.7382,0.0313,0.1028,0.7931,0.0443,0.1512,0.4024,1.0364,0.1621,0.7812,1.0338,0.1157,0.5273,1.0078,0.2363,0.7539,1.0078,0.2363
62,-1,-1,0,0,0,0,0,0,0,0,0,0,0,0,0,0,0,0,0,0,0,0,0,0,0,0,0,0,0,0,0,0,0,0,0,0,0,0,0,0,0,0,0,0,0,0,0,0,0,0,0,0,0,0,0,0,0,0,0,0,0,0,0,0,0,0,0,0,0,0,0,0,0,0,0,0,0,0
63,-1,-1,1,0.5313,0.8178,0.2533,0.3438,0.6926,0.1317,0.3829,0.4897,0.1529,0.5273,0.4921,0.1269,0.4923,0.6927,0.024,0.4843,0.9088,0.0741,0.4551,0.4909,0.1528,0.4747,0.2161,0.1528,0.4765,0.2161,0.1528,0.4601,0.1203,0.1528,0.3788,0.211,0.0235,0.3164,0.3308,0.1044,0.3399,0.2135,0.1355,0.6094,0.2187,0.1045,0.7539,0.2942,0.1163,0.6483,0.3907,0.0188,0.4492,0.1328,0.017,0.4297,0.1145,0.0349,0.4063,0.1171,0.0858,0.4804,0.1171,0.0293,0.5351,0.1199,0.07,0.4883,0.9063,0.2043,0.3945,0.9479,0,0.5821,0.8048,0.1528,0.5118,0.9453,0.1528
64,-1,-1,1,0.4843,0.789,0.0503,0.5196,0.6823,0.0519,0.5548,0.5756,0.1089,0.6367,0.586,0.1293,0.6054,0.6901,0.1234,0.5509,0.7759,0.1625,0.5958,0.5808,0.1089,0.6211,0.4518,0.1089,0.6211,0.448,0.1089,0.6554,0.4089,0.1089,0.5157,0.5469,0.06,0.4804,0.487,0.0927,0.5625,0.4452,0.0952,0.6798,0.4583,0.1293,0.7031,0.5103,0.134,0.6759,0.5494,0.1024,0.6639,0.4141,0.0581,0.6485,0.4062,0.0653,0.6171,0.4037,0.0834,0.6718,0.4064,0.0703,0.6757,0.414,0.0973,0.4766,0.823,0,0.5937,0.8073,0.121,0.4766,0.7995,0.1089,0.5273,0.7812,0.1089
65,-1,-1,1,0.4298,0.7891,0.1774,0.3673,0.6693,0.0669,0.3944,0.4688,0.1289,0.5703,0.4688,0.1277,0.5468,0.6823,0.0653,0.4999,0.8958,0.1043,0.4824,0.4688,0.1289,0.5058,0.1966,0.1289,0.5078,0.1954,0.1289,0.514,0.0922,0.1289,0.2889,0.4636,0.0771,0.3283,0.3412,0.147,0.3711,0.1953,0.1107,0.6405,0.1979,0.1087,0.6915,0.3178,0.1253,0.6406,0.4193,0.0494,0.5155,0.1015,0,0.4883,0.0808,0.0172,0.4491,0.0911,0.0645,0.5431,0.0885,0.0162,0.5742,0.099,0.0647,0.4921,0.8229,0.1279,0.578,0.9636,0.0038,-0.0039,-0.0026,0.1289,0.4571,0.9218,0.1289
66,-1,-1,1,0.3671,0.9609,0.0599,0.3868,0.7577,0,0.4101,0.5338,0.0661,0.586,0.539,0.0675,0.5899,0.7603,0.0168,0.6017,0.9531,0.087,0.4981,0.5364,0.0661,0.5097,0.2514,0.0893,0.5116,0.2526,0.0893,0.5242,0.1182,0.0661,0.3241,0.5183,0.0295,0.3242,0.388,0.0998,0.3788,0.2501,0.0893,0.6407,0.2527,0.0991,0.6798,0.3828,0.1191,0.6993,0.5105,0.0461,0.5234,0.1251,0.0018,0.5,0.1094,0.0243,0.4609,0.1198,0.0696,0.5507,0.112,0.0258,0.5858,0.125,0.0718,-0.0039,-0.0026,0.0585,0.625,0.9791,0.0727,0.3946,0.9765,0.0661,0.5899,0.9688,0.0661
67,-1,-1,1,0.3985,0.8125,0.0746,0.4298,0.6458,0.069,0.4452,0.4818,0.1323,0.5703,0.4843,0.135,0.5781,0.6432,0.1067,0.5937,0.8124,0.1309,0.5077,0.4831,0.1323,0.5116,0.276,0.1433,0.5116,0.276,0.1433,0.5063,0.1859,0.1323,0.3514,0.4506,0.0842,0.2931,0.3672,0.1457,0.4178,0.276,0.1433,0.6054,0.276,0.1472,0.7303,0.3697,0.1471,0.6563,0.4584,0.0875,0.5079,0.1927,0.0675,0.4844,0.1796,0.0841,0.457,0.1927,0.1214,0.5273,0.1771,0.0839,0.5547,0.1875,0.1203,0.4063,0.8828,0,0.5898,0.8777,0.059,0.4024,0.8151,0.1323,0.5821,0.8229,0.1323
68,-1,-1,1,0.4491,0.9322,0.0604,0.4806,0.7135,0.1017,0.5117,0.4818,0.0335,0.3907,0.4688,0.1182,0.3712,0.6875,0.1995,0.164,0.8776,0.1221,0.4512,0.4753,0.1182,0.4199,0.1836,0.242,0.418,0.1824,0.242,0.5195,0.0512,0.0335,0.3867,0.4583,0,0.4336,0.3307,0.0073,0.4725,0.1797,0.1523,0.3672,0.1874,0.3317,0.3438,0.3385,0.264,0.3437,0.4531,0.2441,0.5469,0.0547,0.3183,0.535,0.0417,0.3047,0.4767,0.0573,0.3103,-0.0039,-0.0026,0.3001,-0.0039,-0.0026,0.2758,0.5702,0.9427,0.0907,0.203,0.9453,0.1506,0.414,0.9661,0.0335,0.1095,0.8932,0.0335
69,-1,-1,1,0.4062,0.888,0.1357,0.414,0.7057,0.059,0.4336,0.5078,0.1188,0.6054,0.5053,0.118,0.6212,0.7084,0.0793,0.6406,0.888,0.1712,0.5195,0.5066,0.1188,0.5059,0.2344,0.1188,0.5078,0.2344,0.1188,0.4961,0.1162,0.1188,0.1797,0.3829,0.0393,0.3204,0.3672,0.1158,0.371,0.237,0.1176,0.6407,0.2318,0.1102,0.6876,0.3645,0.1019,0.8203,0.375,0,0.496,0.1276,0.0134,0.4688,0.1094,0.0331,0.4375,0.1173,0.0819,0.5196,0.1094,0.0323,0.5586,0.1172,0.0809,0.3711,0.9505,0.0522,0.6759,0.948,0.0871,0.4296,0.9011,0.1188,0.6171,0.8984,0.1188
70,-1,-1,1,0.6017,0.9245,0.3541,0.6054,0.7031,0.2688,0.6329,0.4792,0.1676,0.4844,0.4948,0.1558,0.4962,0.7109,0.3648,0.4961,0.9374,0.4946,0.5586,0.487,0.1676,0.5743,0.1901,0.1676,0.5743,0.1901,0.1676,0.5274,0.0833,0.1676,-0.0039,-0.0026,0.2074,0.6523,0.3385,0.2387,0.6719,0.1953,0.1127,0.4766,0.1849,0.0793,0.4375,0.3593,0.0193,0.3788,0.4948,0,-0.0039,-0.0026,-0.3686,-0.0039,-0.0026,-0.4049,0.586,0.0859,0.1251,-0.0039,-0.0026,-0.4848,0.4688,0.0807,0.0819,0.4922,0.9427,0.5368,0.3283,0.9739,0.6147,0.629,0.9688,0.1676,0.5389,0.9791,0.1676
71,-1,-1,1,0.7304,0.8568,0.2204,0.4492,0.6979,0.1598,0.4805,0.4922,0.1814,0.6288,0.4974,0.1467,0.6015,0.7162,0.1165,0.5937,0.927,0.153,0.5546,0.4948,0.1814,0.5801,0.2109,0.1931,0.5782,0.2109,0.1931,0.5711,0.1026,0.1814,0.5118,0.2995,0.0191,0.3594,0.3074,0.105,0.4727,0.2135,0.1931,0.6875,0.2083,0.1447,0.6093,0.3333,0.0718,0.4453,0.3334,0,0.5664,0.1119,0.0805,0.5391,0.0938,0.1084,0.5117,0.1093,0.1599,0.5938,0.0937,0.0991,0.6445,0.1042,0.1352,0.6875,0.9609,0.184,0.4531,0.9635,0.0764,0.7891,0.8412,0.1814,0.6328,0.9662,0.1814
72,-1,-1,1,0.3711,0.8646,0.1189,0.3946,0.6953,0.0575,0.4298,0.5052,0.1041,0.5665,0.5052,0.1046,0.6055,0.6927,0.0691,0.6366,0.8672,0.1344,0.4981,0.5052,0.104,0.502,0.2604,0.1123,0.5038,0.2605,0.1123,0.4985,0.1662,0.104,0.3554,0.2136,0.0255,0.2109,0.2657,0.0673,0.3984,0.2605,0.1123,0.6056,0.2604,0.1097,0.7892,0.2553,0.0579,0.6329,0.2162,0,0.4962,0.1745,0.0249,0.4765,0.1563,0.0444,0.4453,0.1718,0.0861,0.5197,0.1563,0.0434,0.5548,0.1719,0.0829,0.3438,0.9219,0.0432,0.66,0.9219,0.0647,0.3866,0.888,0.104,0.6133,0.8932,0.104
73,-1,-1,1,0.6484,0.8958,0.2559,0.6017,0.6927,0.2239,0.6094,0.4948,0.0097,0.4492,0.5026,0,0.4414,0.7136,0.2069,0.4141,0.9167,0.2646,0.5293,0.4987,0.0097,0.5294,0.2383,0.2191,0.5313,0.2371,0.3006,0.4687,0.1016,0.3821,0.6523,0.3984,0.3501,0.7736,0.3411,0.3109,0.6681,0.237,0.2676,0.3907,0.2396,0.2191,0.3515,0.3855,0.1187,0.336,0.5078,0.0934,-0.0039,-0.0026,-0.0651,-0.0039,-0.0026,0.0191,-0.0039,-0.0026,0.4108,-0.0039,-0.0026,-0.039,0.4687,0.1016,0.3821,0.5351,0.8932,0.4176,0.2658,0.9272,0.4139,0.6876,0.9297,0.0097,0.457,0.9505,0.0097
74,-1,-1,1,0.5547,0.8932,0.1503,0.5898,0.7135,0.1002,0.6328,0.5182,0.1354,0.7734,0.5182,0.107,0.7694,0.7187,0.0729,0.7579,0.9036,0.104,0.7031,0.5182,0.1354,0.7383,0.2605,0.1506,0.7344,0.2605,0.1506,0.714,0.1448,0.1354,0.6875,0.3854,0.0427,0.5625,0.3829,0.126,0.6329,0.2605,0.1506,0.8437,0.2605,0.1016,0.7695,0.3672,0.0491,0.6288,0.349,0,0.7031,0.1458,0.0486,0.6836,0.1354,0.07,0.668,0.1563,0.1158,0.7304,0.1327,0.0605,0.7852,0.1537,0.0907,0.4493,0.9375,0.0809,0.668,0.9479,0.0225,0.586,0.9245,0.1354,0.793,0.9297,0.1354
75,-1,-1,1,0.4806,0.7786,0.1014,0.4024,0.5964,0.1295,0.504,0.474,0.2488,0.629,0.4609,0.226,0.7071,0.5391,0.0814,0.7695,0.7162,0.0881,0.5665,0.4674,0.2488,0.5274,0.3034,0.2488,0.5274,0.3022,0.2488,0.4891,0.238,0.2488,0.4297,0.4843,0.1208,0.3905,0.4062,0.2118,0.4258,0.3047,0.2382,0.629,0.3021,0.202,0.6798,0.4219,0.1947,0.5783,0.5026,0.1053,0.4844,0.2526,0.133,0.4609,0.237,0.1472,0.4414,0.237,0.187,0.5079,0.2344,0.1398,0.5507,0.2292,0.17,0.3947,0.8437,0,0.8085,0.7083,0.0277,0.5273,0.7969,0.2488,0.7658,0.7708,0.2488
76,-1,-1,1,0.3282,0.8855,0.1094,0.3592,0.7317,0.0478,0.4062,0.5573,0.0956,0.547,0.5677,0.0972,0.5391,0.7344,0.0757,0.5118,0.8749,0.1469,0.4766,0.5625,0.0956,0.5058,0.3269,0.0956,0.5078,0.3281,0.0956,0.525,0.2219,0.0956,0.3283,0.5365,0.0462,0.3283,0.4374,0.1012,0.3944,0.3204,0.0833,0.6172,0.3334,0.0901,0.6522,0.4531,0.1085,0.6172,0.5624,0.0483,0.5234,0.2292,0,0.5077,0.2135,0.0151,0.4726,0.2188,0.0523,0.5469,0.2162,0.0163,0.5741,0.2317,0.0549,0.25,0.9376,0.0383,0.5468,0.9271,0.0818,0.3593,0.9036,0.0956,0.4845,0.8881,0.0956
77,-1,-1,1,0.711,0.8749,0.0198,0.7579,0.6901,0.0779,0.7852,0.4765,0.0685,0.7384,0.4687,0.1646,0.7382,0.6641,0.2308,0.7187,0.8229,0.2244,0.7618,0.4726,0.0685,0.7539,0.2566,0.2473,0.7577,0.2578,0.2638,0.8438,0.1562,0.2804,0.9375,0.2994,0.1309,0.8751,0.3933,0.0653,0.7812,0.2683,0.1522,0.7265,0.2449,0.3423,0.8671,0.349,0.3366,0.9298,0.2916,0.2621,0.879,0.1614,0.296,0.8594,0.1484,0.2827,0.793,0.1589,0.2817,-0.0039,-0.0026,0.2862,-0.0039,-0.0026,0.279,0.8477,0.9063,0,0.8438,0.849,0.2439,0.6681,0.9036,0.0685,0.6797,0.849,0.0685
78,-1,-1,1,0.4219,0.8959,0.1263,0.4102,0.7083,0.0633,0.4218,0.4947,0.1122,0.5781,0.4974,0.1105,0.5781,0.7109,0.0912,0.5702,0.8906,0.1677,0.4999,0.4961,0.1122,0.5058,0.233,0.1122,0.5039,0.2318,0.1122,0.4984,0.1213,0.1122,0.3243,0.4792,0.0595,0.328,0.3568,0.1191,0.3789,0.2317,0.0989,0.6327,0.2343,0.0975,0.6678,0.3645,0.1202,0.6678,0.4869,0.0597,0.496,0.1328,0,0.4765,0.1146,0.0169,0.4454,0.1249,0.0602,0.5194,0.1145,0.016,0.5546,0.1199,0.0592,0.3906,0.9479,0.0441,0.5899,0.9505,0.0859,0.4414,0.9245,0.1122,0.5431,0.9063,0.1122
79,-1,-1,1,0.6445,0.9011,0.1083,0.6093,0.6875,0.0984,0.6017,0.4662,0,0.4414,0.4662,0.0177,0.4258,0.6979,0.2021,0.3905,0.9063,0.2869,0.5215,0.4662,0,0.5214,0.2278,0.1153,0.5196,0.2265,0.1646,0.5175,0.1224,0.1892,0.6952,0.4948,0.1409,0.6993,0.3828,0.134,0.6522,0.2266,0.0984,0.3906,0.2291,0.1153,0.3398,0.375,0.0031,0.3593,0.4869,0.0071,-0.0039,-0.0026,-0.2899,-0.0039,-0.0026,-0.2906,0.5742,0.1223,0.1943,-0.0039,-0.0026,-0.3561,0.4608,0.1224,0.1841,0.6913,0.9036,0.2694,0.3515,0.901,0.44,0.6367,0.9479,0,0.3907,0.9505,0
80,-1,-1,0,0,0,0,0,0,0,0,0,0,0,0,0,0,0,0,0,0,0,0,0,0,0,0,0,0,0,0,0,0,0,0,0,0,0,0,0,0,0,0,0,0,0,0,0,0,0,0,0,0,0,0,0,0,0,0,0,0,0,0,0,0,0,0,0,0,0,0,0,0,0,0,0,0,0,0
81,-1,-1,1,0.3515,0.8906,0.1216,0.3711,0.677,0.1133,0.3944,0.4532,0.197,0.5508,0.4609,0.196,0.5235,0.6615,0.1648,0.5078,0.8699,0.1981,0.4726,0.457,0.197,0.498,0.2148,0.2037,0.5,0.2161,0.2037,0.5132,0.1078,0.197,0.2851,0.4791,0.1693,0.3087,0.3463,0.2351,0.3633,0.2083,0.2037,0.6327,0.2214,0.2052,0.6601,0.3593,0.2291,0.664,0.4871,0.1671,0.5117,0.1145,0.1002,0.4845,0.0989,0.1227,0.457,0.112,0.1676,0.5389,0.0989,0.1215,0.5741,0.1146,0.1634,0.2344,0.9452,0,0.5742,0.9271,0.0838,0.3945,0.9167,0.197,0.4765,0.8959,0.197
82,-1,-1,1,0.5859,0.8724,0.214,0.5781,0.6849,0.1871,0.5977,0.5104,0.0606,0.4611,0.5079,0.0428,0.4218,0.6952,0.1923,0.3907,0.8881,0.1959,0.5294,0.5092,0.0606,0.5507,0.276,0.1319,0.5469,0.2761,0.1939,0.5235,0.207,0.2249,0.7538,0.5053,0.1807,0.7344,0.4115,0.2247,0.6523,0.2891,0.1743,0.4491,0.2629,0.1319,0.3476,0.3776,0,0.2344,0.4349,0.035,-0.0039,-0.0026,-0.1831,-0.0039,-0.0026,-0.1953,0.5743,0.2083,0.2413,-0.0039,-0.0026,-0.2609,0.4727,0.2058,0.2086,0.5391,0.8932,0.3435,0.2851,0.9479,0.2583,0.6016,0.9036,0.0606,0.4375,0.9088,0.0606
83,-1,-1,1,0.3827,0.8359,0.1639,0.3321,0.6563,0.1046,0.2931,0.4713,0.122,0.4024,0.474,0.1077,0.4102,0.664,0.0643,0.4298,0.8646,0.0758,0.3477,0.4727,0.122,0.379,0.2266,0.1294,0.379,0.2265,0.1294,0.3758,0.1219,0.122,0.2735,0.4558,0.0704,0.2931,0.3542,0.1247,0.2891,0.2318,0.1294,0.4688,0.2213,0.111,0.5274,0.3542,0.1084,0.418,0.4505,0.0218,0.3867,0.1329,0.0455,0.3594,0.1198,0.063,0.3125,0.1224,0.103,0.4023,0.1172,0.0604,0.418,0.1172,0.0968,0.2618,0.8698,0.1115,0.3359,0.9141,0,0.414,0.8645,0.122,0.461,0.8881,0.122
84,-1,-1,0,0,0,0,0,0,0,0,0,0,0,0,0,0,0,0,0,0,0,0,0,0,0,0,0,0,0,0,0,0,0,0,0,0,0,0,0,0,0,0,0,0,0,0,0,0,0,0,0,0,0,0,0,0,0,0,0,0,0,0,0,0,0,0,0,0,0,0,0,0,0,0,0,0,0,0
85,-1,-1,1,0.4686,0.8828,0.1978,0.4259,0.7031,0.1061,0.3985,0.4895,0.1356,0.5702,0.4844,0.1411,0.5899,0.7058,0.0828,0.6053,0.9141,0.1158,0.4844,0.487,0.1356,0.4687,0.2201,0.1406,0.4686,0.2188,0.1406,0.4641,0.0958,0.1356,0.3634,0.3906,0.0188,0.2812,0.362,0.1231,0.332,0.2369,0.1406,0.6054,0.2032,0.1485,0.6991,0.3229,0.1068,0.6251,0.2474,0,0.4766,0.1042,0.0453,0.4414,0.0885,0.0657,0.3868,0.1015,0.1127,0.4962,0.086,0.0674,0.5196,0.099,0.1153,0.4181,0.9479,0.1182,0.668,0.9921,0.0165,0.5001,0.9037,0.1356,0.5702,0.9479,0.1356
86,-1,-1,1,0.6055,0.9063,0.133,0.5937,0.6824,0.1245,0.586,0.4583,0,0.4102,0.4506,0.0073,0.3984,0.6876,0.2092,0.3634,0.9193,0.2715,0.4981,0.4544,0.0073,0.4981,0.1953,0.141,0.5,0.1952,0.2114,0.5019,0.0873,0.2466,0.6484,0.4636,0.2085,0.6837,0.3464,0.1999,0.6446,0.198,0.1429,0.3516,0.1926,0.141,0.3087,0.3385,0.0404,0.3477,0.4583,0.0449,-0.0039,-0.0026,-0.2656,-0.0039,-0.0026,-0.2521,0.5624,0.0886,0.2586,-0.0039,-0.0026,-0.3242,0.4414,0.086,0.2347,0.6681,0.9088,0.2971,0.336,0.9089,0.426,0.5937,0.9453,0,0.3673,0.9532,0
87,-1,-1,1,0.7422,0.8985,0.0452,0.7344,0.6979,0.1508,0.7577,0.487,0.0659,0.6484,0.4974,0,0.6641,0.7083,0.0858,0.6601,0.9141,0.002,0.7031,0.4922,0.0659,0.668,0.241,0.1629,0.668,0.2422,0.2733,0.5417,0.1598,0.3347,-0.0039,-0.0026,0.1657,-0.0039,-0.0026,0.1648,0.7422,0.224,0.2758,0.5938,0.2579,0.1629,0.6093,0.4219,0.0997,0.5548,0.5131,0.1749,0.5038,0.1693,0.3386,-0.0039,-0.0026,0.3556,-0.0039,-0.0026,0.3559,0.5235,0.1511,0.3263,0.5977,0.1589,0.3184,0.6328,0.9089,0.164,0.5038,0.9375,0.1196,0.7695,0.9324,0.0659,0.6993,0.9505,0.0659
88,-1,-1,1,0.3517,0.8932,0.1246,0.3673,0.7058,0.0515,0.3905,0.5026,0.1069,0.5626,0.5,0.1065,0.5859,0.7032,0.0768,0.6054,0.8881,0.1568,0.4765,0.5013,0.1069,0.4786,0.2122,0.1069,0.4805,0.2134,0.1069,0.4773,0.0964,0.1069,0.2577,0.4609,0.0513,0.2891,0.3464,0.11,0.3516,0.2109,0.0964,0.6056,0.2135,0.1003,0.6757,0.3438,0.1205,0.7071,0.4609,0.0582,0.4766,0.1016,0,0.4493,0.0886,0.0175,0.4179,0.1042,0.0619,0.5038,0.086,0.0182,0.5391,0.1015,0.0635,0.3009,0.9375,0.0459,0.6406,0.94,0.0791,0.375,0.9218,0.1069,0.5819,0.9089,0.1069
89,-1,-1,1,0.4258,0.8881,0.1632,0.4453,0.7135,0.0894,0.4804,0.5183,0.11,0.6289,0.5208,0.1148,0.6172,0.7057,0.0632,0.6445,0.8828,0.1415,0.5547,0.5195,0.11,0.5352,0.2409,0.11,0.539,0.2397,0.11,0.5156,0.114,0.11,0.5312,0.3281,0,0.3555,0.3672,0.07,0.414,0.2395,0.101,0.6563,0.2422,0.1183,0.6874,0.3672,0.1401,0.6837,0.4584,0.0549,0.5116,0.1224,0.0193,0.4806,0.1093,0.0371,0.4533,0.125,0.077,0.539,0.1016,0.0396,0.5936,0.1119,0.0843,0.4374,0.948,0.0863,0.7657,0.9479,0.08,0.4142,0.9037,0.11,0.6094,0.9141,0.11
90,-1,-1,1,0.5077,0.8907,0.1218,0.4687,0.7188,0.0332,0.4259,0.5183,0.0871,0.5665,0.5183,0.1152,0.5272,0.7239,0.1054,0.4649,0.8933,0.2263,0.4962,0.5183,0.0871,0.4903,0.2331,0.0871,0.4921,0.2343,0.0871,0.4971,0.0983,0.0871,0.2929,0.4973,0.1038,0.3281,0.3802,0.1365,0.379,0.2318,0.0726,0.6016,0.2343,0.1242,0.6639,0.3724,0.1895,0.8007,0.4297,0.1115,0.5312,0.1068,0,0.4884,0.0911,0.0164,0.422,0.1067,0.0528,0.5469,0.0886,0.0256,-0.0039,-0.0026,-0.007,-0.0039,-0.0026,0.1547,0.4765,0.974,0.1748,-0.0039,-0.0026,0.0871,0.4259,0.9011,0.0871
91,-1,-1,1,0.6992,0.9298,0.0639,0.5859,0.7162,0.1148,0.4923,0.4818,0,0.3281,0.4765,0.093,0.2655,0.7265,0.1928,0.1876,0.9453,0.1325,0.4102,0.4792,0.093,0.4141,0.1927,0.3739,0.4141,0.1927,0.3739,0.5639,0.0833,0,0.3984,0.5052,0.0287,0.457,0.3542,0.0072,0.5079,0.1875,0.1673,0.3202,0.1979,0.3739,0.2657,0.3541,0.2954,0.3554,0.4219,0.2948,0.5899,0.0938,0.3442,0.5782,0.0756,0.3528,0.5235,0.0807,0.3649,-0.0039,-0.0026,0.35,-0.0039,-0.0026,0.3469,0.8751,0.9193,0.1373,0.3009,0.9844,0.2089,0.6797,0.9896,0,0.1366,0.9765,0
92,-1,-1,1,0.5156,0.8932,0.2319,0.543,0.7083,0.1496,0.5665,0.4896,0.1835,0.7304,0.4922,0.1506,0.7655,0.7135,0.1139,0.7382,0.9036,0.1825,0.6484,0.4909,0.1835,0.6719,0.2265,0.2202,0.672,0.224,0.2202,0.6094,0.1217,0.1835,0.2616,0.2709,0.1428,0.4298,0.2995,0.1976,0.5469,0.2187,0.2202,0.7969,0.2344,0.1367,0.832,0.401,0.0981,0.7851,0.5235,0,0.5742,0.1327,0.0913,0.5781,0.1146,0.119,-0.0039,-0.0026,0.1707,0.6015,0.1146,0.1057,0.6837,0.125,0.1349,0.3828,0.9298,0.1333,0.7072,0.9453,0.0753,0.5546,0.9244,0.1835,0.7538,0.9375,0.1835
93,-1,-1,1,0.496,0.8985,0.0839,0.4532,0.7057,0.0444,0.4414,0.4635,0.0923,0.586,0.4687,0.0936,0.5625,0.7083,0.0902,0.5625,0.8933,0.1534,0.5137,0.4661,0.0923,0.5195,0.2175,0.107,0.5195,0.2187,0.107,0.5211,0.1063,0.0923,0.3437,0.3958,0.0052,0.2266,0.3021,0.0904,0.3945,0.2161,0.107,0.6446,0.2188,0.1137,0.7813,0.3281,0.1149,0.6758,0.4088,0.0143,0.5195,0.1147,0.0073,0.496,0.0964,0.0345,0.4609,0.1093,0.0825,0.5469,0.0989,0.0339,0.5821,0.1119,0.0792,0.4805,0.9869,0,0.5586,0.9791,0.06,0.5273,0.9167,0.0923,0.5546,0.9089,0.0923
94,-1,-1,0,0,0,0,0,0,0,0,0,0,0,0,0,0,0,0,0,0,0,0,0,0,0,0,0,0,0,0,0,0,0,0,0,0,0,0,0,0,0,0,0,0,0,0,0,0,0,0,0,0,0,0,0,0,0,0,0,0,0,0,0,0,0,0,0,0,0,0,0,0,0,0,0,0,0,0
95,-1,-1,1,-0.0039,-0.0026,0.0361,-0.0039,-0.0026,-0.3203,0.4648,0.8698,0.1896,0.746,0.8697,0.2003,-0.0039,-0.0026,-0.0825,-0.0039,-0.0026,0.3046,0.6054,0.8698,0.1896,0.5919,0.4167,0.2443,0.5938,0.4192,0.2443,0.5906,0.213,0.1896,0.3086,0.8125,0.3353,0.25,0.6329,0.5242,0.3634,0.4219,0.2443,0.8204,0.4115,0.2193,0.9884,0.6458,0.1782,0.9884,0.4687,0,0.5938,0.2265,0.0634,0.547,0.2031,0.0946,0.4882,0.2188,0.1949,0.6329,0.2005,0.0897,0.6914,0.2162,0.1787,-0.0039,-0.0026,0.1508,-0.0039,-0.0026,0.4076,-0.0039,-0.0026,0.1896,-0.0039,-0.0026,0.1896
96,-1,-1,1,0.5975,0.9037,0.0917,0.586,0.677,0.0955,0.5859,0.4583,0,0.4219,0.4635,0.0076,0.4259,0.6822,0.1718,0.4218,0.9063,0.212,0.5039,0.4609,0,0.4864,0.2096,0.1157,0.4845,0.2084,0.1731,0.4922,0.1068,0.2019,0.6524,0.4297,0.1852,0.6992,0.3568,0.1722,0.6133,0.2083,0.1118,0.3595,0.2109,0.1157,0.3086,0.3411,0.0398,0.3321,0.4349,0.0612,-0.0039,-0.0026,-0.2557,-0.0039,-0.0026,-0.2544,0.5429,0.1042,0.2125,-0.0039,-0.0026,-0.3205,0.4414,0.1094,0.1912,0.5664,0.9323,0.2358,0.332,0.9349,0.3398,0.6016,0.9453,0,0.4491,0.9479,0
97,-1,-1,1,0.3593,0.9557,0.1354,0.3673,0.7396,0.0719,0.3986,0.5,0.1462,0.6054,0.5104,0.1451,0.5782,0.7474,0.1168,0.5625,0.9557,0.2049,0.502,0.5052,0.1462,0.5215,0.2019,0.1462,0.5196,0.2031,0.1462,0.5211,0.0818,0.1462,0.3241,0.4869,0.0715,0.3008,0.3568,0.1482,0.3671,0.1954,0.1217,0.6758,0.2084,0.1181,0.7071,0.3646,0.1389,0.6837,0.4817,0.0668,0.5155,0.0937,0,0.4921,0.0755,0.0186,0.461,0.0833,0.0707,0.5431,0.0756,0.0169,0.5938,0.0808,0.0688,0.3476,1.0078,0.0341,0.6602,0.987,0.1077,0.3789,0.974,0.1462,0.5196,0.9896,0.1462
98,-1,-1,1,-0.0039,-0.0026,0.1799,0.5586,1.039,0.0234,0.5509,0.6979,0.1414,0.8202,0.7005,0.134,0.7423,1.0312,0,-0.0039,-0.0026,0.167,0.6855,0.6992,0.1414,0.6895,0.2878,0.2098,0.6874,0.289,0.2098,0.6906,0.1375,0.1414,0.75,0.4558,0.0018,0.4571,0.4506,0.1435,0.4844,0.2943,0.2098,0.8946,0.2812,0.1935,0.9493,0.4115,0.1114,0.6562,0.3932,0.0066,0.6991,0.1458,0.0735,0.6486,0.125,0.1157,0.5898,0.1536,0.1886,0.7344,0.1198,0.1125,0.7814,0.1432,0.1786,-0.0039,-0.0026,0.1447,-0.0039,-0.0026,0.1791,-0.0039,-0.0026,0.1414,-0.0039,-0.0026,0.1414
99,-1,-1,1,0.6094,0.8724,0.2046,0.5702,0.6797,0.1596,0.5235,0.4817,0.1922,0.6601,0.4766,0.167,0.7225,0.6667,0.0975,0.8046,0.8698,0.1038,0.5918,0.4792,0.1922,0.6288,0.2304,0.2234,0.6251,0.2292,0.2234,0.6125,0.1239,0.1922,0.2695,0.2318,0.0752,0.4063,0.2994,0.156,0.5312,0.2291,0.2234,0.7265,0.2318,0.1816,0.7226,0.3646,0.1165,0.5664,0.362,0.0326,0.6132,0.1328,0.1264,0.5822,0.1172,0.1513,0.5586,0.1328,0.1974,0.6366,0.1145,0.144,0.6718,0.1224,0.1789,0.5389,0.9245,0.1261,0.8242,0.9375,0,0.6523,0.8933,0.1922,0.8047,0.8802,0.1922
100,-1,-1,1,0.5158,0.9193,0.2825,0.5157,0.7188,0.1877,0.4962,0.4973,0.2724,0.6991,0.5026,0.2465,0.668,0.7291,0.1941,0.6329,0.9218,0.3016,0.5976,0.5,0.2724,0.6035,0.1862,0.2724,0.6015,0.1849,0.2724,0.5446,0.088,0.2724,0.082,0.2448,0.1779,0.2852,0.2422,0.2324,0.4453,0.1953,0.2359,0.7616,0.1771,0.1788,0.8555,0.3255,0.1241,0.754,0.4036,0,0.5468,0.1016,0.0779,0.5079,0.0911,0.0963,0.4767,0.1016,0.1602,0.5665,0.0755,0.0867,0.625,0.0703,0.1357,0.3711,0.966,0.201,0.6445,0.9922,0.2114,0.5548,0.9479,0.2724,0.6172,0.9427,0.2724
101,-1,-1,1,0.6367,0.8698,0.1752,0.6133,0.6771,0.1338,0.5782,0.4662,0.1577,0.7345,0.4662,0.1494,0.7266,0.6849,0.1181,0.707,0.8829,0.1452,0.6564,0.4662,0.1577,0.666,0.2096,0.1577,0.6641,0.2109,0.1577,0.6523,0.1068,0.1577,0.6915,0.2943,0,0.5116,0.3255,0.0757,0.539,0.2162,0.1525,0.7929,0.2031,0.1449,0.7812,0.3202,0.1018,0.6016,0.3281,0.0267,0.6484,0.1145,0.0596,0.6288,0.099,0.0793,0.5975,0.112,0.1233,0.672,0.0989,0.077,0.7148,0.1094,0.1175,0.5822,0.9245,0.0943,0.7304,0.9428,0.0563,0.664,0.9011,0.1577,0.6836,0.9141,0.1577
102,-1,-1,1,0.4804,0.9011,0.0972,0.5157,0.6901,0.1258,0.4648,0.4948,0.0994,0.4609,0.4896,0.2004,0.4336,0.6823,0.2323,0.4218,0.8829,0.2261,0.4629,0.4922,0.0994,0.4531,0.2123,0.1372,0.4531,0.211,0.1372,0.5625,0.1371,0.0994,0.578,0.3281,0,0.4414,0.3698,0.0093,0.418,0.2162,0.1372,0.4882,0.2083,0.3446,0.5039,0.3307,0.3866,0.6171,0.349,0.3643,0.5936,0.1537,0.2463,0.582,0.1353,0.2393,0.5118,0.1224,0.2466,-0.0039,-0.0026,0.2366,-0.0039,-0.0026,0.2397,0.6444,0.9401,0.0631,0.5937,0.8985,0.2291,0.4337,0.9349,0.0994,0.3906,0.9219,0.0994
103,-1,-1,1,0.7422,0.8985,0.0434,0.7344,0.6979,0.147,0.7578,0.487,0.0654,0.6523,0.4974,0,0.664,0.7083,0.0835,0.6601,0.9141,0.0034,0.7051,0.4922,0.0654,0.6661,0.241,0.1596,0.6679,0.2422,0.2685,0.5417,0.1597,0.3288,-0.0039,-0.0026,0.1633,0.8046,0.3282,0.1626,0.7384,0.224,0.2718,0.5938,0.2579,0.1596,0.6094,0.4219,0.0971,0.5586,0.513,0.1708,0.5038,0.1692,0.3336,-0.0039,-0.0026,0.3493,-0.0039,-0.0026,0.35,0.5236,0.1511,0.3202,0.5977,0.159,0.3122,0.6328,0.9089,0.1593,0.5038,0.935,0.1205,0.7696,0.9324,0.0654,0.6993,0.9505,0.0654
